step,time,Epot,Ekin,Etot,T,T_type0,T_type1
0,0,23739.87876,4487.985609,28227.86437,0.9976626897,1.008487616,0.9861726545
50,2,13956.11043,5134.836352,19090.94678,1.14145523,1.129959853,1.152189637
100,4,13790.87017,4648.657717,18439.52789,1.033379508,1.063036603,1.003033493
150,6,13794.23745,4614.972027,18409.20948,1.025891303,1.025647801,1.025450878
200,8,13753.8791,4593.814648,18347.69375,1.021188096,1.014668847,1.027026552
250,10,13712.85286,4577.037446,18289.89031,1.017458585,1.006280032,1.027958833
300,12,13809.27545,4541.826866,18351.10232,1.009631403,0.9873874451,1.031202273
350,14,13775.77595,4690.658336,18466.43429,1.042716091,1.060164486,1.024572552
400,16,13835.39133,4663.756127,18499.14746,1.036735829,1.047301965,1.025478535
450,18,13699.3829,4561.362825,18260.74572,1.013974175,1.047297363,0.9799750038
500,20,13749.35845,4710.410506,18459.76896,1.047106926,1.075900635,1.017615145
550,22,13729.38589,4690.955573,18420.34146,1.042782166,1.056116621,1.028752522
600,24,13746.76545,4653.535783,18400.30123,1.034463884,1.036649227,1.031588899
650,26,13704.53364,4533.406468,18237.94011,1.007759579,0.9668145655,1.048032754
700,28,13663.78235,4566.016941,18229.79929,1.015008767,0.9889646786,1.040376184
750,30,13686.84466,4699.502749,18386.34741,1.044682172,1.03760699,1.051060898
800,32,13755.81058,4645.051524,18400.8621,1.032577865,1.013072984,1.05139436
850,34,13723.75773,4573.483768,18297.2415,1.016668616,1.002831084,1.029828368
900,36,13711.83475,4641.973808,18353.80855,1.0318937,1.036582464,1.026517006
950,38,13784.66772,4620.473177,18405.1409,1.027114188,1.023376445,1.030167189
1000,40,13652.07114,4566.170867,18218.242,1.015042985,1.011555087,1.017854187
