block,frames,r_lo,r_hi,r,g_AA,g_AB,g_BB,count_AA,count_AB,count_BB
0,1,0,0.02,0.01,0,0,0,0,0,0
0,1,0.02,0.04,0.03,0,0,0,0,0,0
0,1,0.04,0.06,0.05,0,0,0,0,0,0
0,1,0.06,0.08,0.07,0,0,0,0,0,0
0,1,0.08,0.1,0.09,0,0,0,0,0,0
0,1,0.1,0.12,0.11,0,0,0,0,0,0
0,1,0.12,0.14,0.13,0,0,0,0,0,0
0,1,0.14,0.16,0.15,0,0,0,0,0,0
0,1,0.16,0.18,0.17,0,0,0,0,0,0
0,1,0.18,0.2,0.19,0,0,0,0,0,0
0,1,0.2,0.22,0.21,0,0,0,0,0,0
0,1,0.22,0.24,0.23,0,0,0,0,0,0
0,1,0.24,0.26,0.25,0,0,0,0,0,0
0,1,0.26,0.28,0.27,0,0,0,0,0,0
0,1,0.28,0.3,0.29,0,0,0,0,0,0
0,1,0.3,0.32,0.31,0,0,0,0,0,0
0,1,0.32,0.34,0.33,0,0,0,0,0,0
0,1,0.34,0.36,0.35,0,0,0,0,0,0
0,1,0.36,0.38,0.37,0,0,0,0,0,0
0,1,0.38,0.4,0.39,0,0,0,0,0,0
0,1,0.4,0.42,0.41,0,0,0,0,0,0
0,1,0.42,0.44,0.43,0,6.147193703,0,0,1,0
0,1,0.44,0.46,0.45,0,0,0,0,0,0
0,1,0.46,0.48,0.47,0,5.145538724,0,0,1,0
0,1,0.48,0.5,0.49,23.39214305,0,0,1,0,0
0,1,0.5,0.52,0.51,0,0,0,0,0,0
0,1,0.52,0.54,0.53,0,0,0,0,0,0
0,1,0.54,0.56,0.55,0,0,0,0,0,0
0,1,0.56,0.58,0.57,0,0,0,0,0,0
0,1,0.58,0.6,0.59,0,0,0,0,0,0
0,1,0.6,0.62,0.61,0,0,0,0,0,0
0,1,0.62,0.64,0.63,0,0,2.514740457,0,0,1
0,1,0.64,0.66,0.65,0,0,0,0,0,0
0,1,0.66,0.68,0.67,0,2.532271359,2.223457779,0,1,1
0,1,0.68,0.7,0.69,0,0,2.096438628,0,0,1
0,1,0.7,0.72,0.71,0,2.255000705,0,0,1,0
0,1,0.72,0.74,0.73,0,2.133139271,1.873000335,0,1,1
0,1,0.74,0.76,0.75,0,0,0,0,0,0
0,1,0.76,0.78,0.77,0,1.917283037,0,0,1,0
0,1,0.78,0.8,0.79,0,1.821439365,1.599312613,0,1,1
0,1,0.8,0.82,0.81,0,1.732606719,3.042626434,0,1,2
0,1,0.82,0.84,0.83,0,0,0,0,0,0
0,1,0.84,0.86,0.85,0,0,2.76301249,0,0,2
0,1,0.86,0.88,0.87,0,0,0,0,0,0
0,1,0.88,0.9,0.89,0,1.435138473,2.520243171,0,1,2
0,1,0.9,0.92,0.91,0,0,1.205342512,0,0,1
0,1,0.92,0.94,0.93,6.494411846,1.314345254,2.308118496,1,1,2
0,1,0.94,0.96,0.95,0,1.259588959,0,0,1,0
0,1,0.96,0.98,0.97,0,2.416368901,4.243379533,0,2,4
0,1,0.98,1,0.99,0,0,0,0,0,0
0,1,1,1.02,1.01,0,1.114384743,0.9784841642,0,1,1
0,1,1.02,1.04,1.03,0,2.143058355,0.9408548876,0,2,1
0,1,1.04,1.06,1.05,0,0,0,0,0,0
0,1,1.06,1.08,1.07,0,0.9929145995,0,0,1,0
0,1,1.08,1.1,1.09,0,2.870437998,0,0,3,0
0,1,1.1,1.12,1.11,0,0.9226444828,0,0,1,0
0,1,1.12,1.14,1.13,0,0,0,0,0,0
0,1,1.14,1.16,1.15,0,0.8595783512,3.019006892,0,1,4
0,1,1.16,1.18,1.17,4.103365116,3.32177176,1.458338822,1,4,2
0,1,1.18,1.2,1.19,0,0,1.409732104,0,0,2
0,1,1.2,1.22,1.21,0,0.776446377,1.363515589,0,1,2
0,1,1.22,1.24,1.23,0,0,1.319535091,0,0,2
0,1,1.24,1.26,1.25,0,0.7275499331,1.277648663,0,1,2
0,1,1.26,1.28,1.27,3.482619628,1.409631754,3.094313607,1,2,5
0,1,1.28,1.3,1.29,6.750941374,2.049392917,0.5998223172,2,3,1
0,1,1.3,1.32,1.31,3.273191643,1.987294926,1.163294591,1,3,2
0,1,1.32,1.34,1.33,3.175491795,0.6426590537,0.5642859984,1,1,1
0,1,1.34,1.36,1.35,0,1.247517399,0,0,2,0
0,1,1.36,1.38,1.37,2.992771872,1.211360043,0,1,2,0
0,1,1.38,1.4,1.39,2.907270005,1.176752145,0.5166228929,1,2,1
0,1,1.4,1.42,1.41,0,0.5718032101,2.510355556,0,1,5
0,1,1.42,1.44,1.43,0,0.5559208232,1.464376803,0,1,3
0,1,1.44,1.46,1.45,0,1.622073245,1.424259434,0,3,3
0,1,1.46,1.48,1.47,0,1.052157422,0.9238455409,0,2,2
0,1,1.48,1.5,1.49,2.530133304,2.048203151,0.8992111393,1,4,2
0,1,1.5,1.52,1.51,0,1.495729665,0.875549072,0,3,2
0,1,1.52,1.54,1.53,2.399569952,0.4856272521,0.4264044165,1,1,1
0,1,1.54,1.56,1.55,0,0.9463519247,0.4154715767,0,2,1
0,1,1.56,1.58,1.57,2.278858097,0.461197472,0.4049538779,1,1,1
0,1,1.58,1.6,1.59,0,0.4496681433,2.368983389,0,1,6
0,1,1.6,1.62,1.61,0,0.8771315946,1.15524649,0,2,3
0,1,1.62,1.64,1.63,0,0.8557392147,1.502761548,0,2,4
0,1,1.64,1.66,1.65,0,2.087800006,1.4665522,0,5,4
0,1,1.66,1.68,1.67,2.014115296,0.4076185718,1.07372697,1,1,3
0,1,1.68,1.7,1.69,1.96672656,1.592111977,1.747439975,1,4,5
0,1,1.7,1.72,1.71,0,0.3887719514,1.024082213,0,1,3
0,1,1.72,1.74,1.73,1.876832077,0,0.6670274282,1,0,2
0,1,1.74,1.76,1.75,0,0.7424056481,0.6518683739,0,2,2
0,1,1.76,1.78,1.77,0,0.3628615426,0.9558304048,0,1,3
0,1,1.78,1.8,1.79,0,0.7095965766,1.246120817,0,2,4
0,1,1.8,1.82,1.81,3.429184782,1.041002523,2.437469323,2,3,8
0,1,1.82,1.84,1.83,0,1.357830579,1.192241484,0,4,4
0,1,1.84,1.86,1.85,1.641250132,0.6643155297,1.166602881,1,2,4
0,1,1.86,1.88,1.87,0,0.9752725434,0.8563368674,0,3,3
0,1,1.88,1.9,1.89,0,0.9547412563,0.8383093958,0,3,3
0,1,1.9,1.92,1.91,0,0.6232343603,1.368075425,0,2,5
0,1,1.92,1.94,1.93,1.508009079,0.9155769409,0.5359474776,1,3,2
0,1,1.94,1.96,1.95,0,1.494820587,1.575030472,0,5,6
0,1,1.96,1.98,1.97,1.447392368,1.464623229,0.7716063841,1,5,3
0,1,1.98,2,1.99,1.418445495,0.8611990504,1.008233035,1,3,4
0,1,2,2.02,2.01,2.780716784,0.5627641111,2.223604537,2,2,9
0,1,2.02,2.04,2.03,1.363097345,0.8275948166,0.7266686195,1,3,3
0,1,2.04,2.06,2.05,0,1.082034032,0.4750393312,0,4,2
0,1,2.06,2.08,2.07,0,0.5306131665,0.4659042437,0,2,2
0,1,2.08,2.1,2.09,1.285957377,0.2602532788,0.9140602962,1,1,4
0,1,2.1,2.12,2.11,3.785084272,2.553429866,1.569425186,3,10,7
0,1,2.12,2.14,2.13,0,0.2505703608,1.100064998,0,1,5
0,1,2.14,2.16,2.15,1.215185025,0,0.8637552096,1,0,4
0,1,2.16,2.18,2.17,0,0.7242538437,0.6359302042,0,3,3
0,1,2.18,2.2,2.19,5.856002007,1.659200569,1.248736317,5,7,6
0,1,2.2,2.22,2.21,2.300196535,1.163789914,0.8174914516,2,5,4
0,1,2.22,2.24,2.23,2.259122698,1.600211911,1.003617227,2,7,5
0,1,2.24,2.26,2.25,1.109569639,0.8982230415,1.183025469,1,4,6
0,1,2.26,2.28,2.27,0,0.6618488627,0.774847449,0,3,4
0,1,2.28,2.3,2.29,0,0.4335591602,1.142058276,0,2,6
0,1,2.3,2.32,2.31,2.10535717,1.065210473,0.7482454052,2,5,4
0,1,2.32,2.34,2.33,0,0.4188008776,0.3677275998,0,2,2
0,1,2.34,2.36,2.35,1.017147919,1.440959551,1.626727856,1,7,9
0,1,2.36,2.38,2.37,1.000053401,0.6071752794,1.243968865,1,3,7
0,1,2.38,2.4,2.39,2.950158701,0.3980372851,1.223236535,3,2,7
0,1,2.4,2.42,2.41,0.967132289,1.370104076,1.031158468,1,7,6
0,1,2.42,2.44,2.43,3.805112077,0.7700822061,0.338084871,4,4,2
0,1,2.44,2.46,2.45,0,0.3787804112,0.9977630343,0,2,6
0,1,2.46,2.48,2.47,0,1.11801355,1.145282173,0,6,7
0,1,2.48,2.5,2.49,2.717957655,0.5500628588,0.4829820224,3,3,3
0,1,2.5,2.52,2.51,1.783210922,1.804439624,0.9506316066,2,10,6
0,1,2.52,2.54,2.53,0.8775647227,0.5328071531,0.935661342,1,3,6
0,1,2.54,2.56,2.55,1.72770611,0.699309616,1.074548922,2,4,7
0,1,2.56,2.58,2.57,0.8504602548,0.516350869,1.057889585,1,3,7
0,1,2.58,2.6,2.59,0,1.694690558,1.190416782,0,10,8
0,1,2.6,2.62,2.61,0.824592387,0.834408963,0.8791821269,1,5,6
0,1,2.62,2.64,2.63,0,0.6574133173,0.8658614423,0,4,6
0,1,2.64,2.66,2.65,0.7998870235,1.942582771,0.9949814195,1,12,7
0,1,2.66,2.68,2.67,0.7879486345,1.754123746,0.7000937345,1,11,5
0,1,2.68,2.7,2.69,2.32882661,0.9426202943,0.9656110332,3,6,7
0,1,2.7,2.72,2.71,0,1.083551563,1.22324288,0,7,9
0,1,2.72,2.74,2.73,0.7536942885,0.7626668395,0.9375221637,1,5,7
0,1,2.74,2.76,2.75,0.7427713754,0.7516138918,0.5279629289,1,5,4
0,1,2.76,2.78,2.77,0.7320842032,1.037119288,0.9106413259,1,7,7
0,1,2.78,2.8,2.79,0.7216260366,0.4381300936,1.154098783,1,3,9
0,1,2.8,2.82,2.81,0.7113903791,0.4319155873,1.137728864,1,3,9
0,1,2.82,2.84,2.83,0.7013709631,0.283888247,1.246338645,1,2,10
0,1,2.84,2.86,2.85,0.69156174,1.399589236,0.8602353352,1,10,7
0,1,2.86,2.88,2.87,1.363913743,0.9661055678,0.8482878156,2,7,7
0,1,2.88,2.9,2.89,2.01765216,0.680557276,1.075612475,3,5,9
0,1,2.9,2.92,2.91,1.326675683,1.208222497,1.06087829,2,9,9
0,1,2.92,2.94,2.93,0.6543129769,0.9269433839,1.16271644,1,7,10
0,1,2.94,2.96,2.95,0,0.2612620897,0.5735021481,0,2,5
0,1,2.96,2.98,2.97,1.910421406,0.9021434415,1.357930198,3,7,12
0,1,2.98,3,2.99,1.256633,1.271592917,1.451476793,2,10,13
