frames,r_lo,r_hi,r,g_AA,g_AB,g_BB,count_AA,count_AB,count_BB
100,0,0.02,0.01,0,0,0,0,0,0
100,0.02,0.04,0.03,0,0,0,0,0,0
100,0.04,0.06,0.05,0,1.196653707,1.542963233,0,4,6
100,0.06,0.08,0.07,2.165176987,0.9217467747,1.320554118,3,6,10
100,0.08,0.1,0.09,0.8755360496,0.7454564079,0.8009918423,2,8,10
100,0.1,0.12,0.11,1.760693374,0.9994030963,1.181242915,6,16,22
100,0.12,0.14,0.13,0.4205330632,1.118918329,0.88487524,2,25,23
100,0.14,0.16,0.15,1.422098495,1.143547774,0.8095231164,9,34,28
100,0.16,0.18,0.17,0.738355286,0.9429851796,0.7655562585,6,36,34
100,0.18,0.2,0.19,0.3941527603,1.04872788,1.063752635,4,50,59
100,0.2,0.22,0.21,0.9681153902,1.116213994,1.136634043,12,65,77
100,0.22,0.24,0.23,0.7399051502,0.9449645776,0.9599796438,11,66,78
100,0.24,0.26,0.25,0.7971298362,0.9332112868,0.9897116687,14,77,95
100,0.26,0.28,0.27,1.171649704,0.8936618638,0.8664476656,24,86,97
100,0.28,0.3,0.29,1.311916537,0.7566796027,0.8595112146,31,84,111
100,0.3,0.32,0.31,0.7407447854,1.198313421,1.077506225,20,152,159
100,0.32,0.34,0.33,0.9478722593,1.099251662,1.034622633,29,158,173
100,0.34,0.36,0.35,0.6392651679,1.001985885,1.010173607,22,162,190
100,0.36,0.38,0.37,0.9100630311,1.10139914,1.084731698,35,199,228
100,0.38,0.4,0.39,1.099983284,1.006300817,0.9335310709,47,202,218
100,0.4,0.42,0.41,1.143543119,1.068305243,0.8911907651,54,237,230
100,0.42,0.44,0.43,1.001153695,1.024532284,1.021596661,52,250,290
100,0.44,0.46,0.45,1.160272592,0.961695203,0.8845713071,66,257,275
100,0.46,0.48,0.47,0.9347153118,1.101145287,1.014364081,58,321,344
100,0.48,0.5,0.49,0.9044613105,0.8647666853,1.06890827,61,274,394
100,0.5,0.52,0.51,0.71173766,0.984739891,0.9992486136,52,338,399
100,0.52,0.54,0.53,1.026583678,0.9037376421,1.015704796,81,335,438
100,0.54,0.56,0.55,0.9179816051,0.9794998229,0.9625669707,78,391,447
100,0.56,0.58,0.57,1.10672499,0.9912780763,0.9603685121,101,425,479
100,0.58,0.6,0.59,1.043199023,1.003589604,0.9599937848,102,461,513
100,0.6,0.62,0.61,1.062030561,0.9184992493,0.9961170138,111,451,569
100,0.62,0.64,0.63,1.058466323,0.9890381079,1.022509002,118,518,623
100,0.64,0.66,0.65,0.9522041637,1.000861676,1.025315055,113,558,665
100,0.66,0.68,0.67,0.975519302,0.9538222119,0.9751784259,123,565,672
100,0.68,0.7,0.69,1.076828432,0.9550442639,0.9960920116,144,600,728
100,0.7,0.72,0.71,1.017020452,1.002723647,1.004089139,144,667,777
100,0.72,0.74,0.73,0.9486981813,1.002575457,1.017061245,142,705,832
100,0.74,0.76,0.75,1.088661322,1.027962124,1.007552431,172,763,870
100,0.76,0.78,0.77,0.972795957,1.000821745,1.053681623,162,783,959
100,0.78,0.8,0.79,1.026851722,1.016363165,0.9874393346,180,837,946
100,0.8,0.82,0.81,0.9984776083,0.9702597628,0.9700611832,184,840,977
100,0.82,0.84,0.83,0.9354357967,0.9944708767,0.9947986937,181,904,1052
100,0.84,0.86,0.85,1.000347195,1.014307002,0.9755870747,203,967,1082
100,0.86,0.88,0.87,1.001923542,1.077346679,0.9897758982,213,1076,1150
100,0.88,0.9,0.89,1.024823715,0.9701536075,0.9285222553,228,1014,1129
100,0.9,0.92,0.91,0.9673750024,1.020411721,0.9896395427,225,1115,1258
100,0.92,0.94,0.93,0.9138669018,1.040085211,1.013062675,222,1187,1345
100,0.94,0.96,0.95,1.049375679,0.9640054169,1.053146299,266,1148,1459
100,0.96,0.98,0.97,0.968709859,1.009236744,1.000473657,256,1253,1445
100,0.98,1,0.99,0.9808242917,0.9735122207,0.9883766432,270,1259,1487
100,1,1.02,1.01,0.9737778086,1.034149041,0.9751664768,279,1392,1527
100,1.02,1.04,1.03,0.9766017605,0.9808063738,0.9781925386,291,1373,1593
100,1.04,1.06,1.05,0.9881942134,1.062031974,0.9956457433,306,1545,1685
100,1.06,1.08,1.07,1.048002479,0.9929145995,1.009984765,337,1500,1775
100,1.08,1.1,1.09,1.036868133,0.9842412956,0.9732621673,346,1543,1775
100,1.1,1.12,1.11,1.09809142,0.9816937297,0.9892652306,380,1596,1871
100,1.12,1.14,1.13,0.9591859906,0.9336010587,1.004045825,344,1573,1968
100,1.14,1.16,1.15,0.982649972,1.010864141,0.9216453267,365,1764,1871
100,1.16,1.18,1.17,0.9415402282,1.044697219,0.9932002383,362,1887,2087
100,1.18,1.2,1.19,0.9830717596,0.9825832768,0.9784981505,391,1836,2127
100,1.2,1.22,1.21,0.8900472563,1.015591861,0.9944742995,366,1962,2235
100,1.22,1.24,1.23,0.9413536446,1.009383255,1.014500252,400,2015,2356
100,1.24,1.26,1.25,1.016291226,0.9967434083,0.9764595663,446,2055,2342
100,1.26,1.28,1.27,1.015439429,0.9660676289,0.9661430247,460,2056,2392
100,1.28,1.3,1.29,0.9242899599,1.000103743,1.031938821,432,2196,2636
100,1.3,1.32,1.31,1.024916608,1.002479885,1.005605398,494,2270,2649
100,1.32,1.34,1.33,0.9379659209,0.9746995648,1.023098482,466,2275,2778
100,1.34,1.36,1.35,1.004153826,1.030033533,0.9897924581,514,2477,2769
100,1.36,1.38,1.37,1.102147941,0.9727221149,1.025317355,581,2409,2954
100,1.38,1.4,1.39,1.013533727,1.030834879,0.9997335557,550,2628,2965
100,1.4,1.42,1.41,1.038711872,1.023146544,1.01220637,580,2684,3089
100,1.42,1.44,1.43,0.9280271103,1.020300018,0.9920558415,533,2753,3114
100,1.44,1.46,1.45,1.007596579,1.011813244,1.001130593,595,2807,3231
100,1.46,1.48,1.47,0.9721275506,1.003056742,0.9722658122,590,2860,3225
100,1.48,1.5,1.49,0.9782804758,0.9944026297,1.018819676,610,2913,3472
100,1.5,1.52,1.51,0.9978223401,1.006792257,0.989724462,639,3029,3464
100,1.52,1.54,1.53,0.9932000758,0.9890608368,1.024130824,653,3055,3680
100,1.54,1.56,1.55,0.9840366322,1.011965658,1.000041805,664,3208,3688
100,1.56,1.58,1.57,1.001015184,1.012789649,0.9929621218,693,3294,3757
100,1.58,1.6,1.59,1.080209513,0.9790774374,1.008596626,767,3266,3914
100,1.6,1.62,1.61,1.016452273,1.008408957,0.9970146235,740,3449,3967
100,1.62,1.64,1.63,1.022483925,1.016332941,0.9932950025,763,3563,4051
100,1.64,1.66,1.65,0.9102247544,1.017454536,1.010279843,696,3655,4222
100,1.66,1.68,1.67,0.9677065511,1.001111212,0.9969719566,758,3684,4268
100,1.68,1.7,1.69,1.047160898,0.9969274497,0.9890254345,840,3757,4336
100,1.7,1.72,1.71,1.020374169,0.9908501134,0.9889734626,838,3823,4439
100,1.72,1.74,1.73,1.023090417,1.000485557,1.016956685,860,3951,4672
100,1.74,1.76,1.75,0.9591482366,1.00645459,0.9900160133,825,4067,4654
100,1.76,1.78,1.77,1.000101612,1.007787458,0.9673535221,880,4166,4652
100,1.78,1.8,1.79,1.024549509,1.020636409,0.9850989723,922,4315,4845
100,1.8,1.82,1.81,0.971602355,1.00514577,1.000038527,894,4345,5029
100,1.82,1.84,1.83,1.032346135,0.9812588987,1.018178403,971,4336,5234
100,1.84,1.86,1.85,1.000783172,1.000459188,1.011891506,962,4518,5316
100,1.86,1.88,1.87,1.05789071,0.9878427229,1.007129584,1039,4558,5406
100,1.88,1.9,1.89,0.9528901547,1.007145943,0.9954112277,956,4747,5458
100,1.9,1.92,1.91,1.007213651,0.9967594869,1.006639567,1032,4798,5637
100,1.92,1.94,1.93,1.001740856,0.9949269424,1.007746769,1048,4890,5762
100,1.94,1.96,1.95,1.031860941,0.9973442958,1.004142517,1102,5004,5861
100,1.96,1.98,1.97,1.05688785,0.9891088874,0.9799966087,1152,5065,5838
100,1.98,2,1.99,1.006979949,1.005880491,0.9972471144,1120,5256,6062
100,2,2.02,2.01,0.9535515386,0.987463427,1.000397864,1082,5264,6204
100,2.02,2.04,2.03,0.9504071719,0.9953206994,0.9995954203,1100,5412,6323
100,2.04,2.06,2.05,1.043787639,0.9970943607,0.9835968388,1232,5529,6345
100,2.06,2.08,2.07,0.9821685323,0.9991445925,0.9925050862,1182,5649,6528
100,2.08,2.1,2.09,0.9870993486,0.9723062495,0.9994024189,1211,5604,6701
100,2.1,2.12,2.11,0.9692751223,0.9927735319,0.988594394,1212,5832,6756
100,2.12,2.14,2.13,1.02100415,0.9757209848,0.9928042833,1301,5841,6914
100,2.14,2.16,2.15,0.9897731871,1.002084007,1.006411629,1285,6112,7141
100,2.16,2.18,2.17,0.9806861516,0.999309359,0.9995671481,1297,6209,7225
100,2.18,2.2,2.19,0.978445794,1.008319889,0.987506192,1318,6381,7270
100,2.2,2.22,2.21,1.00747236,0.9920145224,1.006661602,1382,6393,7547
100,2.22,2.24,2.23,0.9830384583,0.9916741817,0.9902580301,1373,6507,7559
100,2.24,2.26,2.25,0.9895524313,0.9983749106,1.002458094,1407,6669,7790
100,2.26,2.28,2.27,1.063400119,0.9986563951,0.9987786085,1539,6790,7900
100,2.28,2.3,2.29,1.004169572,1.013372277,1.007248616,1479,7012,8108
100,2.3,2.32,2.31,1.000201655,1.0177731,0.9939115712,1499,7166,8141
100,2.32,2.34,2.33,1.030325112,0.9752476435,0.9909620765,1571,6986,8258
100,2.34,2.36,2.35,1.039296106,0.9970067753,1.00707914,1612,7265,8537
100,2.36,2.38,2.37,0.9552709952,0.9945531077,1.008363301,1507,7371,8694
100,2.38,2.4,2.39,0.9854762045,1.002390563,0.9934965016,1581,7555,8711
100,2.4,2.42,2.41,1.024359692,0.9901285457,0.9972652755,1671,7588,8891
100,2.42,2.44,2.43,0.9707859578,1.009064384,0.9934943075,1610,7862,9005
100,2.44,2.46,2.45,0.9894049398,1.009576056,0.9986127689,1668,7996,9201
100,2.46,2.48,2.47,1.035892495,0.9795040933,0.9825064633,1775,7885,9201
100,2.48,2.5,2.49,0.9802686204,0.9895019649,0.9995698139,1707,8095,9513
100,2.5,2.52,2.51,1.010486189,1.006757014,1.00769422,1788,8369,9745
100,2.52,2.54,2.53,0.9595296604,1.013280804,1.009636477,1725,8558,9920
100,2.54,2.56,2.55,1.011339376,1.000595509,1.00528262,1847,8585,10034
100,2.56,2.58,2.57,0.9978162878,0.9993110484,1.007155439,1851,8709,10211
100,2.58,2.6,2.59,0.9845886753,1.010035572,1.010210383,1855,8940,10402
100,2.6,2.62,2.61,1.032277755,1.002737064,1.013627576,1975,9013,10599
100,2.62,2.64,2.63,1.020240757,0.9763683451,1.005616331,1982,8911,10677
100,2.64,2.66,2.65,0.9841115628,1.014136128,1.005244838,1941,9397,10836
100,2.66,2.68,2.67,1.011876468,0.9822029872,1.003857742,2026,9239,10985
100,2.68,2.7,2.69,0.9978700744,0.9993869832,0.9985292917,2028,9542,11091
100,2.7,2.72,2.71,0.9793172966,0.9877862442,0.9975948327,2020,9572,11246
100,2.72,2.74,2.73,0.9817416095,0.9974665372,0.9975420026,2055,9809,11412
100,2.74,2.76,2.75,1.000941202,1.009367349,0.9903212951,2126,10072,11496
100,2.76,2.78,2.77,1.001388556,0.9929676382,0.9842232325,2158,10053,11592
100,2.78,2.8,2.79,0.9953165677,1.008867562,1.01142353,2176,10362,12085
100,2.8,2.82,2.81,1.023134269,0.9796805333,0.9856090938,2269,10207,11946
100,2.82,2.84,2.83,1.030952553,1.005910688,1.003207378,2319,10630,12333
100,2.84,2.86,2.85,1.045026629,1.022259978,0.9952723683,2384,10956,12409
100,2.86,2.88,2.87,1.005009148,1.000149288,1.004702335,2325,10870,12703
100,2.88,2.9,2.89,0.9941312728,1.012124781,0.9935746226,2332,11154,12738
100,2.9,2.92,2.91,0.9851383132,0.9952173455,1.010891029,2343,11120,13140
100,2.92,2.94,2.93,1.00657342,1.000657453,1.010417614,2427,11335,13315
100,2.94,2.96,2.95,1.001563125,1.009081278,1.006719938,2448,11587,13448
100,2.96,2.98,2.97,1.029291175,1.006018815,1.006796512,2550,11709,13632
100,2.98,3,2.99,0.9837065561,1.009390457,0.9879803303,2470,11907,13558
